do,re,mi,fa,sol,la,si
65.40639132514966,73.41619197935188,82.4068892282175,87.30705785825097,97.99885899543733,110.0,123.47082531403103
130.8127826502993,146.8323839587038,164.81377845643496,174.61411571650194,195.99771799087463,220.0,246.94165062806206
261.6255653005986,293.6647679174076,329.6275569128699,349.2282314330039,391.99543598174927,440.0,493.8833012561241
523.2511306011972,587.3295358348151,659.2551138257398,698.4564628660078,783.9908719634985,880.0,987.7666025122483
1046.5022612023945,1174.6590716696303,1318.5102276514797,1396.9129257320155,1567.981743926997,1760.0,1975.533205024496
